0oAo0+4780,,,,,,
1coolguy+6294,,,,,,
Aceosd+1686,,,,,,
ActiveAxon+8546,,,,,,
AerolB+1935,,,,,,
Ahwall+2567,,,,,,
AkashicData+5178,,,,,,
AlbertD95+6059,,,,,,
Aleggs+2446,,,,,,
alevangel+5712,,,,,,
AlexCrosswords+0306,,,,,,
AlexP+2435,,,,,,
alonelycombatboot+5250,,,,,,
Alwright1111+8525,,,,,,
alyxice+4276,,,,,,
Amazing moondog+4878,,,,,,
Anarbarziz+7565,,,,,,
Ansissa+1405,,,,,,
Antoniokikli+3963,,,,,,
Aothien+7154,,,,,,
Arrow-Odd+5228,,,,,,
Arsenic+3233,,,,,,
ashfall+0120,,,,,,
Astrominos+1001,,,,,,
Astrum+4797,,,,,,
Awesem+1966,,,,,,
BachStreetBoi+0933,,,,,,
BakerBalex+7970,,,,,,
BaliHoo+3674,,,,,,
Bapgo+7254,,,,,,
Barshay+7128,,,,,,
Basil+8909,,,,,,
Benendetto+5646,,,,,,
benruff+0449,,,,,,
BetterPools+6450,,,,,,
Bigdaddler+5985,,,,,,
BigloveWar+5932,,,,,,
Bitto+0476,,,,,,
bizzer+1337,,,,,,
BloodMuffin+4386,,,,,,
bluehairedemon+6176,,,,,,
BluPikmin+5380,,,,,,
Bobby+2752,,,,,,
BoMa85+9812,,,,,,
Borlu+6978,,,,,,
Born2Rule+0717,,,,,,
Boromir+6627,,,,,,
Bossasaurus+2683,,,,,,
bosstigger+6204,,,,,,
Boyloytt+1082,,,,,,
Bracht+5431,,,,,,
Brandon+6006,,,,,,
BreadRyder+2622,,,,,,
Breadstick+9988,,,,,,
Breeric+7630,,,,,,
BrendonFraisier+7619,,,,,,
brockie888+8659,,,,,,
broonski+5109,,,,,,
bulseeye+6881,,,,,,
Buohh+7662,,,,,,
Burnieterror+0009,,,,,,
bwebby+1847,,,,,,
canamaster+3652,,,,,,
CAP7AIN C0LD+5165,,,,,,
CaptCarnage014+3262,,,,,,
Catiua+3294,,,,,,
catscat+1327,,,,,,
Cazin+7373,,,,,,
Cazzador538+9222,,,,,,
chaospanda+7673,,,,,,
Chara+0205,,,,,,
chatot+4042,,,,,,
ChoKuRei+1679,,,,,,
Chomeurdeparis+7145,,,,,,
ChrisBarley+1699,,,,,,
Cinderfella+4968,,,,,,
cjaaaaaaa+9484,,,,,,
cleaverbeaver+8215,,,,,,
cochelosf+0013,,,,,,
CodPieceZ+7710,,,,,,
cogwoz+5435,,,,,,
connor+0869,,,,,,
Cornix+7244,,,,,,
CosmicCant+3836,,,,,,
cringelordirl+3838,,,,,,
CroCroCro+9495,,,,,,
Ctfox+5431,,,,,,
CWise+6651,,,,,,
cybot+3468,,,,,,
Dactares+6824,,,,,,
DaKesko+1843,,,,,,
DanAdric+7525,,,,,,
Dannwa+8810,,,,,,
DarkOwl+5198,,,,,,
DarthPuniceus+9605,,,,,,
Daveemil+1578,,,,,,
Deadweight+1111,,,,,,
deathprod+3566,,,,,,
Decoy+2687,,,,,,
deef2+4572,,,,,,
Deejaythink+9834,,,,,,
despburrooto+1952,,,,,,
DeToije+6870,,,,,,
Devil The Unfiltered+2666,,,,,,
devinblox+9150,,,,,,
Difone+2528,,,,,,
dindane+0250,,,,,,
Djbo3+9911,,,,,,
Doanlam+3444,,,,,,
dobby+5414,,,,,,
DoNotCopy+7362,,,,,,
Doorslammer+6642,,,,,,
Dosed+7423,,,,,,
DoughDom+4286,,,,,,
dpceee+5182,,,,,,
Dribo+6769,,,,,,
duckwithmonocle+9799,,,,,,
Dueniele+2555,,,,,,
DurunduBurundu+9380,,,,,,
EdacM+9189,,,,,,
EGmaster+5722,,,,,,
ELnMosco+3972,,,,,,
emboman13+4924,,,,,,
Emperia+9282,,,,,,
Esoteric+8751,,,,,,
Excitedteapot+2857,,,,,,
ExodiaDoggo+4205,,,,,,
ExplodingBanana+2521,,,,,,
FakeSki+4232,,,,,,
Falcon1666+1605,,,,,,
Fearteiler+8050,,,,,,
Feefeethefool+5207,,,,,,
Feltrix+8726,,,,,,
FeyofFlowers+3789,,,,,,
FFaUlt662+2603,,,,,,
Fishcanrollz+6042,,,,,,
Fishoutofwater+5574,,,,,,
FlamingFurball+9835,,,,,,
FlipR+4017,,,,,,
fLjyn+5600,,,,,,
Flyingpidi+9902,,,,,,
Flynntendo+8095,,,,,,
FrayCebolla+2379,,,,,,
freds+1663,,,,,,
Frick+3715,,,,,,
Fritz+4229,,,,,,
funkymonk+7996,,,,,,
Furry0329+6442,,,,,,
GamerTower+0410,,,,,,
Gauss+6845,,,,,,
Geomorgski+,,,,,,
Gheist+0833,,,,,,
Gilzhan+4192,,,,,,
Ginger+6638,,,,,,
GlisteningGeetus+4225,,,,,,
gloub+6535,,,,,,
GlutardedWhale+6221,,,,,,
godwilla+6947,,,,,,
Goose+7396,,,,,,
gorillaman+0743,,,,,,
Grawpy+0274,,,,,,
greenplastic90+3616,,,,,,
Gregoola+1424,,,,,,
GrnMage+0224,,,,,,
Guynamedjohnny+6759,,,,,,
haggy+5759,,,,,,
HappilySarcastic+6534,,,,,,
Harriet+1445,,,,,,
HeroineChic+1250,,,,,,
HobGungan+2914,,,,,,
Hoffenpepper+6941,,,,,,
Holysheva+0413,,,,,,
HuntingGirl37+3550,,,,,,
Hydro033+5014,,,,,,
iambryy+7026,,,,,,
IcarusAir+8071,,,,,,
icedryst+7492,,,,,,
ImEpy+9148,,,,,,
Indierockergrl+6551,,,,,,
IndifferentFish+2547,,,,,,
inthisdancery+6901,,,,,,
InvisibleHand+9215,,,,,,
Iza1814+2259,,,,,,
JaaYaa+5108,,,,,,
JackedRabbit+3353,,,,,,
Jacob+9078,,,,,,
JaeSea+0843,,,,,,
jammo+4668,,,,,,
Jammy+8168,,,,,,
Jarhed12+6549,,,,,,
Jasiu≈Ñcio+3892,,,,,,
jayli+9450,,,,,,
Jdthebiker+5424,,,,,,
Jeeesus+8980,,,,,,
JeffsterMc00l+0729,,,,,,
JellyUltra+3376,,,,,,
Job123+0665,,,,,,
Johannes93+3973,,,,,,
JollyLeopard+2100,,,,,,
Jombo+6527,,,,,,
Jorko+8627,,,,,,
juanitito23+9596,,,,,,
JuNKieBoi+3345,,,,,,
JustSam+9432,,,,,,
KafkaSound+8900,,,,,,
kakutani+1305,,,,,,
Karcher+6280,,,,,,
Kaznar342+4822,,,,,,
KDKIN+0641,,,,,,
Keirdre+1636,,,,,,
KelCello+5599,,,,,,
kesitron+0187,,,,,,
KFull+1226,,,,,,
KikiLikesMuffins+3596,,,,,,
Killerstorm17+3440,,,,,,
Killingspre+9503,,,,,,
krolov+5063,,,,,,
Krustian+8842,,,,,,
Kumori+0599,,,,,,
KumoSumo+5421,,,,,,
kurinzu+3999,,,,,,
kurtfisto+6674,,,,,,
Kylizzle+1164,,,,,,
KyloBot+6508,,,,,,
Lamol+8251,,,,,,
Lante+1268,,,,,,
Larfleeze+8825,,,,,,
Larwin+1410,,,,,,
Layne+1775,,,,,,
lcy+2456,,,,,,
leecanine+4508,,,,,,
Leefizzy+3985,,,,,,
Lightdor+5265,,,,,,
Lisapoo+5394,,,,,,
Liunard0+6844,,,,,,
Ljaz7+6925,,,,,,
Lloyd+6088,,,,,,
Lobster+1498,,,,,,
LoneWolf+2764,,,,,,
loopyloo77+9867,,,,,,
LoveShard+1991,,,,,,
Loxias+1205,,,,,,
Lucky+8369,,,,,,
Luclid+0298,,,,,,
lumpyprol+3206,,,,,,
Lunes32+8015,,,,,,
M0rzie+5864,,,,,,
Macdaddy+4846,,,,,,
MarcustheCat+3019,,,,,,
Marlfaux+5778,,,,,,
MarquiseDeGyatt+0202,,,,,,
Master+8874,,,,,,
Matryoskas+1263,,,,,,
Matt516+2460,,,,,,
Maven+5085,,,,,,
MaxMin+2105,,,,,,
Mcauthor+0181,,,,,,
McTsai821+2616,,,,,,
MEATP1E+9044,,,,,,
Mechanmy+6264,,,,,,
MedElmnt+7767,,,,,,
Metalsnowta+3259,,,,,,
migal+6227,,,,,,
Miikov+0009,,,,,,
Mikke+,,,,,,
Mikke+3484,,,,,,
miklun+9934,,,,,,
milkishealthy+5431,,,,,,
Minesweeper2048+8871,,,,,,
MintHunTin+6779,,,,,,
Mintshard+3603,,,,,,
MisterBorgia+2075,,,,,,
MisterGume+9687,,,,,,
Mixta+7119,,,,,,
MkJester+1373,,,,,,
ModMaker799+2457,,,,,,
Moenshine+7073,,,,,,
Morshu+1381,,,,,,
Mossfusion+6189,,,,,,
Mouseman+7870,,,,,,
MrMirz+4412,,,,,,
MrPastrana+7951,,,,,,
mrpumpernickelz+2965,,,,,,
MrTzatzikis+7627,,,,,,
mrxeight+7987,,,,,,
Musicalwoofy+7712,,,,,,
Musket+8451,,,,,,
MyDogsABadKisser+1677,,,,,,
Myfirstdime+8673,,,,,,
MylesMoose+6850,,,,,,
n8steel+4148,,,,,,
NadtyLite+7330,,,,,,
Namzies+1928,,,,,,
NaumBruh+6068,,,,,,
nbezhodarnov+6636,,,,,,
neongala+6890,,,,,,
Nevac+3749,,,,,,
Nicogb+1380,,,,,,
Nikki+9396,,,,,,
ninjacat536+1220,,,,,,
Nolano+8284,,,,,,
noobnutz+0372,,,,,,
Numahr+1384,,,,,,
Nutrimentia+2965,,,,,,
nyosh8484+1627,,,,,,
OfficialDaveAcct+3784,,,,,,
OliverTanuki+0703,,,,,,
Olivoil+3244,,,,,,
OmittedVariable+9074,,,,,,
onion_knight_zook+9169,,,,,,
Ophidion+0069,,,,,,
optimusprawn+9866,,,,,,
OrcaJoe+2556,,,,,,
Otternomics+3252,,,,,,
Ouki01+4037,,,,,,
OUSlaughter+3653,,,,,,
p0tter+6802,,,,,,
PARob+0044,,,,,,
Pastro+1517,,,,,,
PatiMayo+8208,,,,,,
Peppy+6321,,,,,,
PeteYourMeat+1862,,,,,,
phima+5013,,,,,,
pidge+1054,,,,,,
Pilleye+4341,,,,,,
Pipster+2150,,,,,,
pivert+1302,,,,,,
PlagueCarrier+5718,,,,,,
Pliskin+7357,,,,,,
Plush2+8334,,,,,,
Poarity+7507,,,,,,
Pocto+3656,,,,,,
Polynomal+5782,,,,,,
polyphemur+3699,,,,,,
pooge+6189,,,,,,
pookypossum+9865,,,,,,
postalweight+1715,,,,,,
Potii+3813,,,,,,
Premiumpumpkin+3494,,,,,,
Professor Belle [Ashie]+1234,,,,,,
proffeserian+3172,,,,,,
Proffian+5891,,,,,,
Prongs+9287,,,,,,
Ptitmxz+6986,,,,,,
punkstarman+6645,,,,,,
pwarren8590+4047,,,,,,
Pyrocrab+5064,,,,,,
QuietMonk+2490,,,,,,
radiantchaos+5523,,,,,,
Ragnarok88+3380,,,,,,
RangerEpic+,,,,,,
RangerEpic+0000,,,,,,
Rantaro311+0881,,,,,,
RedSamurai+6981,,,,,,
reXusShrimp+1234,,,,,,
reXusShrimp+2626,,,,,,
RFMerlo+6470,,,,,,
Rigel17+2702,,,,,,
Rijir+1675,,,,,,
robinsrus9+9439,,,,,,
Robsaco+9493,,,,,,
Ronaldo+4078,,,,,,
Rooter+6824,,,,,,
rooterlooter+3849,,,,,,
Rootless+2407,,,,,,
rose52152+4044,,,,,,
Rosen+7042,,,,,,
Rosewaterfish+9421,,,,,,
RustySpruce+2483,,,,,,
Sagan+2588,,,,,,
SaltShaker+5333,,,,,,
Samurai+5912,,,,,,
sandbox+7806,,,,,,
SarithLekit+8305,,,,,,
Sbustarella+3747,,,,,,
Schming42+2318,,,,,,
SebasDoge+6972,,,,,,
Sebkir+6520,,,,,,
Seffer+4051,,,,,,
semkitten+9341,,,,,,
SergeyEagle+0429,,,,,,
Shartreusenightmare+4730,,,,,,
ShazzamaPajama+2130,,,,,,
SiapFaji+6741,,,,,,
sideffects+0863,,,,,,
sidiro+6303,,,,,,
Silver+6850,,,,,,
SirDavos98+4408,,,,,,
skellen+1863,,,,,,
Slurmer+9605,,,,,,
SluyGuy+5208,,,,,,
SlySalesman+2604,,,,,,
SM1442+5082,,,,,,
SMB777+9910,,,,,,
Sneaker+9481,,,,,,
Sophisticatedpingo+2936,,,,,,
Sorokonozhka+5589,,,,,,
SoulDataFMAB+1794,,,,,,
soweli+0229,,,,,,
sparrowhawk+9374,,,,,,
Speget+0008,,,,,,
Spiff+9132,,,,,,
SpirootIsland+9435,,,,,,
SpongyCookie+9695,,,,,,
SpudlyPudly+0750,,,,,,
spyder+0125,,,,,,
StarhardFishrinse+1675,,,,,,
stoczek+1547,,,,,,
SuckAtRoot33+9226,,,,,,
Sylvanas+9625,,,,,,
Szernx+9798,,,,,,
T1BBA+3246,,,,,,
t1mothy+7215,,,,,,
Tad604+8004,,,,,,
Talleyrand19+7210,,,,,,
talyapi+5919,,,,,,
Tekn0de+7989,,,,,,
TempUsername+4507,,,,,,
Tench+7348,,,,,,
TercMa+9283,,,,,,
Tezyrnth+8357,,,,,,
thatchicksaywhat+3329,,,,,,
theandes+7888,,,,,,
TheChancellor+8802,,,,,,
TheIndustrialRevoloution+3880,,,,,,
thelegodude2013+2832,,,,,,
themikeman+4306,,,,,,
TheRoundabout+9864,,,,,,
TheWiseFox+8428,,,,,,
ThorinWolf+1233,,,,,,
ThoseTeeff+4061,,,,,,
Thrain+9282,,,,,,
Tim17+0245,,,,,,
Timber+5492,,,,,,
tjudge+8299,,,,,,
Toasty Wild Boar +6318,,,,,,
Triskal+0902,,,,,,
Tsutsa+8942,,,,,,
TwelveNine+9430,,,,,,
TyCobb+4799,,,,,,
Umiya+8617,,,,,,
Unkannie+6295,,,,,,
UnknownBrother+1482,,,,,,
Unrenderable+6067,,,,,,
Vanal+0014,,,,,,
VanKaiserman+5269,,,,,,
Veemon+0467,,,,,,
Vegas+1477,,,,,,
Velcro+9840,,,,,,
Venlyr+2632,,,,,,
VoiceActor+0323,,,,,,
VonNick+8003,,,,,,
Vsquirrel+9158,,,,,,
WA90CEvsb+8761,,,,,,
Wady32+5085,,,,,,
WalkGrin+3512,,,,,,
wearegang+8837,,,,,,
westerniceberg+7868,,,,,,
Winwin32+6123,,,,,,
WlGGLYBOl+0260,,,,,,
WoodlandSpagetti+2170,,,,,,
WoogyBoogy+7630,,,,,,
Wordisforest+3808,,,,,,
Wubba+9310,,,,,,
xKamIx+8392,,,,,,
xKamix+8392,,,,,,
xNoaa+8358,,,,,,
yauhen+8851,,,,,,
ydoroot+6482,,,,,,
Yeuri+6861,,,,,,
Youdge+8117,,,,,,
yourwhiteshadow+2970,,,,,,
Yragael+5413,,,,,,
YungNugBisk+3906,,,,,,
Yvette+8997,,,,,,
ZachB+8726,,,,,,
Zakapior+0424,,,,,,
Zigzag+3016,,,,,,
Ziquand+1009,,,,,,
Zizag+3016,,,,,,
Zoboomafoo+1277,,,,,,
Zuluaga+3785,,,,,,
zuragaan+7776,,,,,,
Zyvics+2179,,,,,,